,price,demand,cost,weekend
0,59.21328476727976,6659.0284192080535,11.551362360514075,1
1,61.646423010677424,6495.677554956191,7.185170267205878,1
2,49.6247647150066,6757.902321030749,9.314088476677727,0
3,54.18201566416688,6450.11472230599,11.35941792226969,0
4,54.974732592241864,5892.043103301518,12.176383278645334,0
5,53.62415196462042,5633.691418971152,8.466624134153605,0
6,52.23708817741413,6236.071645946605,9.558510114030524,0
7,60.082954945943044,6752.179142796019,8.208193127381337,1
8,59.128278132710285,6740.615373727537,10.828201775497055,1
9,49.80303501509594,6947.750554757219,9.516062814232857,0
10,51.07115777850194,6682.8185077972485,8.849915918406374,0
11,55.7572995082817,6285.824875443121,6.463380714591818,0
12,50.69027523998373,6240.213067073639,10.24026044623402,0
13,59.78258638184898,5100.849470477336,11.22709015380127,0
14,60.547240652276045,6583.11055188475,14.47180088110279,1
15,60.81944136327812,6192.1662474736895,7.7538851386144065,1
16,54.213917133225685,6057.737507997615,8.304470830894148,0
17,50.78574615982227,5978.6816286799185,12.68365023858,0
18,56.43369445500635,6170.304829912555,10.72989709907696,0
19,51.19007213968124,5661.263873351056,7.153020610589557,0
20,54.75388269675776,6082.468355634923,8.016121341135804,0
21,61.648373714492045,6951.701381525532,7.570241812911053,1
22,65.35903718100565,6658.258785825302,7.305899373729201,1
23,57.12847507745525,5573.710545785436,7.5853355956459385,0
24,57.61605912597999,5983.909357278251,11.907697646394208,0
25,54.56331473071089,5897.721021637323,9.769675701344116,0
26,55.027123839768635,5639.936707970422,9.388297720231618,0
27,57.57685120514751,5747.591035143871,6.294783776710071,0
28,57.50554978006985,7191.283013966792,6.926580792584666,1
29,64.42807483852187,6312.768389483178,12.660055734492442,1
30,54.545944683450315,6155.809763176732,6.210687384986698,0
31,55.208832948511464,6098.700530291413,11.108773909893012,0
32,55.305370357649394,6081.204003715634,10.116399862710233,0
33,51.53126029560474,6001.78947948799,12.40179336344244,0
34,58.3202612192883,5666.346410357801,9.962320333375931,0
35,69.23553951232113,5963.825241756605,12.586357857537907,1
36,64.54045581510529,7238.745517999767,9.59480121043612,1
37,49.85321028106472,6265.408655153631,9.56176107590894,0
38,54.26680011257213,6313.525001501216,9.802507546760463,0
39,55.66581119995295,5079.194049024741,12.748839045826925,0
40,56.10071040507527,5956.548772625592,7.812826830838281,0
41,56.97670392959141,4895.700868246895,10.045994077294717,0
42,62.55261260956196,6953.388330667381,9.203507146022071,1
43,63.129156089611946,6329.5054390930045,6.885829353418764,1
44,50.12982426316076,5635.281547302899,10.180071366062581,0
45,59.05674221200145,5778.054573065945,9.756898924181897,0
46,55.17305158092558,5796.979657671816,10.26208599200214,0
47,55.57118762717382,6500.351007961639,9.984979218979252,0
48,59.15402969123669,5907.204980366613,10.589632676112059,0
49,66.61126213134659,6272.211304434868,11.569095819497702,1
50,57.3683152313059,7401.121103410593,8.519539117232748,1
51,64.20099324325862,5249.883015488589,12.01164551211249,0
52,54.05884863965526,6234.411641457429,8.650734606279931,0
53,54.88938803532146,5449.886610577952,13.598445810670263,0
54,58.86129024042384,5431.197608492711,10.968577530454516,0
55,54.81255398180829,6212.493779138537,10.21242041595797,0
56,63.111578166759536,6567.7537427644675,12.455500273941178,1
57,62.878284973668826,6508.76977208514,10.27421062303211,1
58,52.37939253502859,6599.98963191254,9.877852020221304,0
59,56.683562239299974,5653.3656761258935,12.248449324344946,0
60,50.668357072702,6397.276002288897,6.9370361733545565,0
61,51.258793688559095,5798.025968325619,10.394373633183326,0
62,57.771149008374096,5503.190972221039,12.20634989270437,0
63,64.19476422243467,6645.906118249331,11.710971594590495,1
64,61.2780984785165,7150.480140597665,9.986310499466887,1
65,50.19947287968562,6254.774005917932,9.323413263461935,0
66,53.91296989155949,5914.388755192336,10.38004775092368,0
67,57.04626137115319,5218.966272828909,12.596529537645381,0
68,46.28564645323416,6292.536657700553,7.347762016959814,0
69,55.34020972584213,6264.736469169388,11.115063806023523,0
70,62.65404251681513,6690.805474385139,8.328788510491865,1
71,55.78245100189611,7581.871094309441,8.827772353957343,1
72,59.52464907474753,5335.227753956652,9.326704071956138,0
73,58.94632745185906,5605.914493436248,11.817955153431281,0
74,53.11672764853612,4929.530421153709,11.70858992546803,0
75,52.547750600441766,6432.049796735189,9.228583364951914,0
76,54.76433905629963,5451.017015838988,9.02406083236018,0
77,58.38806478059227,7430.942600721108,8.34568105467708,1
78,61.62363774270882,6745.670253417478,12.963640327379462,1
79,58.493542174788395,5464.384718714288,7.811671742246542,0
80,55.939864807945824,5730.76534788203,8.782042225232148,0
81,61.81937335581928,5588.74766902687,9.581647143130041,0
82,57.59090853561773,4948.06209917751,9.45653942038749,0
83,52.12142527650215,6644.495595999349,10.083695017617641,0
84,62.04907056098024,6270.826982150296,13.330883441844467,1
85,65.28604639127236,6779.481778844771,10.572615390479607,1
86,49.44624683565196,6372.996019705192,8.040645361541456,0
87,56.085593734914475,5780.477553904097,7.2910814780486,0
88,53.9977871496656,5516.893953702397,13.227245120452533,0
89,52.42003595029061,5764.391356358994,11.335800564873846,0
90,57.12572071296175,5731.3815863097225,12.498670910368158,0
91,60.987782555923786,7473.63485093907,7.872372608797702,1
92,64.80240213110837,6625.97607700325,9.652127574354662,1
93,57.58611181380471,5472.526433055427,12.627039264620763,0
94,52.77138764461169,5996.855904038329,7.516712602702864,0
95,55.86653674225087,5807.96700301133,8.964403999694284,0
96,58.21176918071326,5306.569298700413,11.905366349095354,0
97,52.53721470117838,6336.754873948572,6.658836229353075,0
98,64.06129246153182,6635.206451668608,10.889464651913475,1
99,55.81717595425342,6810.650697944548,8.758824295100759,1
100,51.85803145665012,6195.996593137695,7.418456735311391,0
101,52.0025137091234,6454.522616261711,8.313368286260129,0
102,63.038338041614516,5116.150060944835,14.411943105358251,0
103,54.870807578680065,6615.792112931682,10.643544890351716,0
104,52.7432037178077,6213.093590829879,14.12018877768333,0
105,63.04047514420951,7129.486206890425,9.083825327577582,1
106,59.386144139175286,6915.70874322289,5.015813434440794,1
107,53.31188479845197,6150.294207499972,7.323942785836957,0
108,57.595225496623755,5059.591775509771,10.336199056696852,0
109,53.82499850494023,5792.732215246224,10.15277540991324,0
110,47.29255814047263,6124.799843867477,5.495050480753954,0
111,59.62233352671165,5331.471108177614,10.423753424635649,0
112,58.045547216363246,7090.745694156181,10.689864922516854,1
113,64.16623478135386,6875.270326929706,11.246487853582039,1
114,52.231251943952685,5820.713892978524,10.200782900646592,0
115,59.04637213521933,5442.623204625946,8.951330567067401,0
116,55.35810981473644,6069.2117952243725,9.609667819262675,0
117,60.89728539274639,5174.674058685675,11.339289465590054,0
118,53.417224334053024,5986.993970712185,9.136885041216724,0
119,57.93011123585483,7103.910417774821,10.648273649595312,1
120,60.82996194382067,6325.737019371816,7.676672890969138,1
121,45.79220402259553,6121.3503857829255,8.14263785446065,0
122,55.379038975943615,5803.049254004085,11.995763012402081,0
123,54.046050322623536,5730.8531017525165,10.214734376457221,0
124,59.13266605444781,4564.518228581808,12.872148880623048,0
125,49.34181085332867,6527.521706173849,8.052560885361515,0
126,63.76219309666884,6756.8294995904,10.93692740880943,1
127,62.684963980386925,6339.998046434764,13.027933236689504,1
128,54.12636847245272,6380.312167490956,7.704148771270544,0
129,60.57203463307739,5606.685883086387,11.138875523682868,0
130,61.424585703275376,5486.138239441964,9.53830697239316,0
131,50.83044532573349,5960.339433043911,6.898327095413362,0
132,54.841202466243374,6214.926754398567,8.42791955316408,0
133,61.11254997524258,6564.043911337623,7.689254171670649,1
134,59.31799029947202,7030.232737505358,9.1310284381974,1
135,57.33361401521175,5784.042058952751,9.376395981159854,0
136,51.32317045709318,6065.594489561921,7.8902358507344665,0
137,50.56359718265668,6421.624063594341,12.028180271484384,0
138,58.860401917185285,5518.777380212546,8.392063036097365,0
139,57.557533871126964,5398.23184210558,12.12080260958677,0
140,59.53040100275347,7317.416489161182,7.314998872341483,1
141,63.621242305491926,7049.821870199595,12.262406255089115,1
142,51.61377534692651,6158.153007329018,9.352991447593176,0
143,47.789418622110034,6056.022821453462,9.021911192361946,0
144,59.89574444264152,5762.856970444756,10.28720493851395,0
145,56.92546332413487,5873.6338046456085,9.641358509579455,0
146,58.37411358771167,5925.015659363656,8.314569125513277,0
147,61.19035154148281,6059.222529365636,11.14100381682372,1
148,60.57672369705968,6544.044414020768,10.853664634356631,1
149,57.24365272401023,5781.7742683187025,6.932094397716586,0
150,61.15733737701931,5687.111338880576,11.571727086938385,0
151,52.99556523029011,5860.9275469223685,10.023150700461827,0
152,49.29790753413527,6094.1539238367495,5.862475554470323,0
153,52.79869436364635,5877.892893315057,8.356785749728491,0
154,62.809016430715154,6353.968251080193,9.063062378560785,1
155,59.11785813896844,7264.741005726042,9.258633234761586,1
156,55.26821004627067,5679.019938773776,11.672389715692058,0
157,57.8721023495933,5932.121836960838,11.173802987087887,0
158,61.73412062613004,5860.726985473405,10.223376414648223,0
159,56.854227330752394,6069.577448226086,8.169063969557843,0
160,58.460219719498255,5472.687413181303,8.162174831147627,0
161,61.034817410271856,6237.488525549973,12.306516015570073,1
162,63.709908799548046,6597.2850577531235,12.254409318010149,1
163,54.93853488849486,6064.458653684955,6.389332265394007,0
164,53.73598146450448,5969.562739060485,8.308838865345507,0
165,50.55126116702709,6115.123061798316,9.849386929550155,0
166,49.980418122704776,6258.356207453726,11.349190021149354,0
167,60.68956519997656,5187.4243420379025,12.35554842114973,0
168,68.27140963966058,7003.657358809037,9.64530906393809,1
169,55.430719004823864,7493.679981407425,8.98141309678552,1
170,52.28830393829071,5530.0857460694615,12.781456672055604,0
171,56.35505082978728,4930.17775358819,11.11490447387875,0
172,62.56541169578081,4683.054670445525,11.445581752777251,0
173,60.80288691204199,5252.737043140024,9.915213152462831,0
174,57.960085585205796,4992.041328053903,12.964656380837875,0
175,61.14881728982455,6888.29872823096,8.421500872065685,1
176,61.903424179277984,7233.912281411698,10.597243168404754,1
177,59.47872548943257,5001.622367345967,12.296639011385945,0
178,52.87888771675231,6172.1319452092075,9.939489864344337,0
179,57.16734728645051,6062.692583058071,11.47348920921299,0
180,56.5638186519302,5225.277316051306,9.52509981655609,0
181,45.5845280988799,6356.407681163485,9.497411280533742,0
182,65.83956071387959,6571.184031921402,11.028009085450934,1
183,58.80505962247246,7469.551134389324,7.637393049268132,1
184,56.32367366468621,5311.747314626442,13.847882300635575,0
185,49.04142377796768,5654.996272132493,10.278705538009836,0
186,52.56374990683184,5975.057569665298,8.824917726438198,0
187,53.608262334830016,6022.918012609198,8.186000448453475,0
188,58.3275573473834,6873.718256349602,9.163004370615136,0
189,58.18736864742785,7072.547538267028,10.696426040446488,1
190,59.26888176319721,6615.334225081851,12.477806862617696,1
191,57.846753917120566,6050.571466629938,12.092338399475057,0
192,53.429801873614416,6134.476454792029,11.544425351031741,0
193,59.07507455473417,5346.281488336049,13.319809195670121,0
194,56.3509820994689,5985.338907736935,7.959355102317023,0
195,48.69813336806375,6711.522756318811,7.404657806023433,0
196,60.750987494902255,6210.884665419251,9.283068379538713,1
197,61.61948656172375,7062.82715318751,10.398796756269062,1
198,58.67890063504301,5330.613139678079,13.420173956185721,0
199,54.335591199710244,5459.25846174538,6.364067277373469,0
200,56.31373722171887,5458.217330560117,9.426225763801149,0
201,58.884658215215886,6037.615381502199,9.485923075600693,0
202,57.31178421571673,5553.095535890328,7.446377287208424,0
203,61.513169151829,6817.896325269265,9.802073549335365,1
204,61.71459843187365,6665.738276167549,9.616067760672172,1
205,54.5345403397599,6574.082167610177,6.801884355131429,0
206,52.00608198396569,5807.038310456626,14.068162318264378,0
207,56.49633920695518,6272.6780210296965,8.878392617419735,0
208,56.444704242765795,5526.447949929517,7.299626105546194,0
209,56.526035705848045,5333.145792900455,9.936366374062699,0
210,62.376048274676116,6783.730892139295,12.466292267533946,1
211,58.385625523780305,7407.803762948616,8.281537278557932,1
212,49.94490800724939,6003.51383678493,11.336558706630651,0
213,58.85108993507539,5389.3768643013,10.962417658898069,0
214,52.267739130246525,6592.359763105762,9.59465027628108,0
215,59.59784535114302,5347.321482263614,12.35448953720594,0
216,52.56651213476433,6619.669003537034,8.79574977944233,0
217,61.126501367674514,6339.331894875831,9.599958671905508,1
218,65.49082690435516,7063.333642559212,9.012537161630641,1
219,52.795848613801944,6015.259123702332,9.970877307045143,0
220,52.099231635708435,6378.760813893774,11.16674386103286,0
221,55.37524825136921,5995.643923468818,13.374186964940947,0
222,58.76729341058071,5262.457549709532,9.716517910195165,0
223,60.3394639755868,5729.694996870811,11.012696798037682,0
224,64.83709009480194,6932.814833955606,13.078456768454496,1
225,64.61831424679572,6317.715665200393,8.93037974539409,1
226,54.62319908949629,5681.316473470419,8.272127987914114,0
227,57.5212193539645,5817.551200749427,8.880481728621891,0
228,58.21401874602395,4818.714617936889,7.728753923103609,0
229,56.456073780701246,5653.707897689707,8.376538602081137,0
230,58.56415327716224,5356.576514962915,8.018846511501517,0
231,55.70320193548149,8046.865404618138,7.118971377086583,1
232,58.03238518232921,7106.235006058899,10.207992743364443,1
233,54.49989242171276,6491.306777102111,8.197680070289083,0
234,53.58281135717159,6283.465984917152,9.189458006748572,0
235,52.04173455258123,6232.472768835076,10.031250371382638,0
236,54.78763606905597,6427.212928580031,11.967848005257862,0
237,50.889041616540695,6130.899610615709,7.3981380084376145,0
238,60.21439482358336,7026.303359086962,9.557185925926454,1
239,66.06935573145171,6098.262213511333,13.914329717697242,1
240,56.640406989483694,5722.4244875714885,11.188685473188253,0
241,52.48090553186565,5102.132393842359,13.629126982810488,0
242,56.441177163133624,5527.1232815876265,9.286111787222232,0
243,54.64699317530308,6128.020960388974,8.087415627770294,0
244,50.7386052373014,6043.983902705736,10.143343851198516,0
245,61.50803708064593,6519.879467377952,13.438202204720717,1
246,58.80323018585699,6673.465917677611,10.523168991442965,1
247,60.196782973248794,5698.668696443374,7.931048960772372,0
248,52.257356733132156,6483.180053740321,9.789065217420829,0
249,53.79439623801401,5874.811357694383,12.166764207953275,0
250,49.11570831146848,5847.40027845987,8.010297088216369,0
251,50.1204520216275,5763.9111775941965,9.97233624321788,0
252,59.55425909864005,7209.218246214641,6.02772713861795,1
253,62.6088615140298,6377.478263434977,10.252990280472716,1
254,56.89273369831536,5901.431310802793,10.311974299603015,0
255,55.137877262500254,5355.705586579375,11.692064060453678,0
256,57.42076885411659,5216.799431275527,9.96295706866396,0
257,54.40797186395903,6254.803175839786,6.13720702523449,0
258,56.56650567587537,5647.8313167120195,11.854580275976337,0
259,67.1439169099659,6724.673074101088,10.432702828956202,1
260,62.33495184316329,6441.546989809372,10.572207296628193,1
261,48.58713340625075,5809.805768269901,9.654320692890929,0
262,51.23165373022722,6554.592488770501,10.381774007046047,0
263,49.408989246641994,6288.32496352267,5.445117911442225,0
264,58.16499390999279,5735.9393503092115,8.612582580293614,0
265,49.499779571861644,6081.4760250058325,10.779127225872946,0
266,52.50436154845054,7737.832473984051,10.063249023723104,1
267,66.16871409416794,6948.921026999944,12.578290171982038,1
268,55.3420435805121,5826.864678425685,6.777358944230038,0
269,59.21593890548512,5987.563733032059,11.808217742945683,0
270,59.141782882444126,5380.403534548299,9.42046117723814,0
271,48.81412038081113,6444.709616409832,9.63885587310586,0
272,54.683957760942455,5948.303504794036,8.890625571307126,0
273,62.74928512383585,6999.602135065498,10.290210225771593,1
274,59.29380016878401,7142.936313672636,6.806097839584611,1
275,53.04343372116876,6107.52020413787,10.770890028569115,0
276,50.61142464680865,5909.937526067943,10.567185711788428,0
277,57.0826144011438,6193.803414352746,7.581170847297578,0
278,57.17335776341524,6000.402936802078,10.919134182253773,0
279,54.742427077334334,5540.276921856387,6.525897660900023,0
280,56.316544194069195,6965.21282230129,7.806712909591683,1
281,64.78535316510886,6566.642651800124,11.814808322471782,1
282,52.46152569701211,5977.2085636693355,7.184950991180006,0
283,56.8508745661789,5830.954405010332,8.952736274854768,0
284,59.87510127968568,5374.052159790033,9.769840619726851,0
285,50.55219346863974,6775.311135747873,7.162058833669118,0
286,54.53923125244025,5400.066352190109,10.431716806782976,0
287,64.27852749320834,6619.248489063871,12.44346065963957,1
288,65.5650369881574,5814.2453365135625,10.936322662226475,1
289,55.60996951924056,5554.824507052114,8.822081412317338,0
290,56.31177276449972,5540.029582806693,10.38667894578201,0
291,57.46803056928416,5712.582116658578,7.993232955792653,0
292,56.547810035356825,6196.106831554089,8.803199339269959,0
293,54.398925307774356,5886.954771053658,9.793562522205352,0
294,61.8919667677174,7260.869496496611,12.790143744897058,1
295,67.7235869208401,6040.833118129966,12.114583822561759,1
296,56.26131233524553,4856.968821724995,9.27462262000857,0
297,54.751871003456756,6527.6779478264825,12.029727383679253,0
298,60.39834892254626,5496.899268945603,9.85669210261668,0
299,56.98171522086057,5727.923117514514,10.275732169671388,0
300,47.63729869515085,6263.082434796172,9.422127365780012,0
301,66.78613861210471,6240.877855439387,10.563026223667372,1
302,65.882096129931,5995.76382672511,12.743110685320449,1
303,55.65612649865783,6454.86443783593,8.46959529102224,0
304,53.11215797807385,5615.684019062476,11.174603962225321,0
305,61.026388135793106,5970.9614256758505,8.845316423284764,0
306,58.25915600278911,5417.199045790763,8.773089826328869,0
307,50.12405260589154,6226.230042654441,11.047583076236318,0
308,60.17730343650077,6405.627042838889,13.668559053269263,1
309,65.85855395981866,6548.67564724379,11.359343923104575,1
310,62.38576316551292,4978.717982458619,10.473775222961164,0
311,56.67290865928731,5805.791367192149,9.208194419545961,0
312,57.065091865474606,5796.673185715334,8.03033152747032,0
313,58.36121842871199,5712.521708112345,12.748630628170721,0
314,53.278929772268945,5823.363484160862,11.103789095664785,0
315,63.85440968268543,6608.311838006736,8.626713203672848,1
316,62.58602564041667,6696.176652969911,8.861214807886425,1
317,51.88068665254596,5803.309622862823,8.29147270429013,0
318,51.98851144498881,6164.169069160073,7.736357610649732,0
319,55.439997840365564,6116.302563933379,10.316633856733812,0
320,47.320562259764614,6069.831919000387,7.929329832644084,0
321,58.81847035430847,5235.834948587117,9.188851582683231,0
322,68.52613610572661,5775.842977234534,8.375792315808404,1
323,68.76754819794613,6539.1055423939115,12.384328762721589,1
324,50.061895020138294,6180.790756851834,12.882189816154725,0
325,52.766827600211556,5747.933640190225,9.401396128307722,0
326,57.18596380172417,5460.919989102458,8.67000284418926,0
327,54.486883606302136,5798.240905953661,7.886089853894596,0
328,56.67745216987796,5788.273313646824,11.4924601591748,0
329,65.05669352220357,6130.552839522356,7.473096127614595,1
330,61.54105618895702,7071.651235234395,7.629469246387294,1
331,54.641301701804124,5300.348252810001,10.840244371072469,0
332,49.26787132616174,6145.297532544845,4.7696129456747185,0
333,52.52334119921565,5720.3298653569855,11.651761400779977,0
334,56.97344393357158,5965.076920928751,11.4407039460704,0
335,51.370605296064895,5882.90418264888,7.936339188556989,0
336,61.37745115116584,7484.416069489493,12.574235587035343,1
337,59.02121876805794,6516.4835222052725,10.961667374269538,1
338,60.074703025543116,5956.991496626698,9.458382854322094,0
339,51.53351247313384,6122.08815324733,7.3427893510556395,0
340,57.141792932129306,6338.77546738748,10.454625401161636,0
341,53.75567330942221,5444.575356000432,9.597697215147248,0
342,55.45831800590198,6112.003362298478,6.163554478789848,0
343,56.27483680135714,6732.009128558411,8.955152495809948,1
344,66.3825724031132,6879.566780444812,10.544709068817026,1
345,50.88233528047579,6161.87482224223,11.953474338369425,0
346,50.74188194170162,6742.623429741043,8.29543109313113,0
347,57.64029055913881,5403.844086449735,9.802412958842348,0
348,54.61627215798245,6107.905457591857,6.990329820305693,0
349,57.634162669723956,4843.513467521602,10.367431431585524,0
350,63.30710650558625,6155.920578038887,11.866368926198312,1
351,64.83822665245081,5905.593352747213,10.08470365569621,1
352,52.09872757137874,6372.656108220661,10.392296742365394,0
353,49.76138136842623,6683.919804845346,9.354826283739435,0
354,50.455418885683045,5634.100893044162,10.132836590079334,0
355,60.163564045238246,6182.442374166769,7.66647645431586,0
356,56.3507883409035,6226.99927457256,9.943506859757033,0
357,61.072373636512424,6334.231400658249,8.840487414730955,1
358,56.11872871800719,7448.715712466144,10.819256675004553,1
359,56.865573667875495,5887.968307703338,10.619849486629729,0
360,50.800593082552915,5263.7887670118735,11.475366117643857,0
361,54.606161966936455,6216.512755797901,8.359601619859793,0
362,55.13563110959705,5490.054117270431,13.179309894042023,0
363,56.88153004588865,5774.993582515867,6.438698212484548,0
364,63.712636622710015,6477.245179712566,9.043511604091309,1
365,59.21191175764828,7066.001896107976,8.876913962928885,1
366,52.36222098986229,5459.8631672840165,10.659284473950928,0
367,54.28887585835161,5570.847509237371,10.066888202957,0
368,48.110649090771446,6619.447567139995,7.5737754525948215,0
369,56.19532839923515,5700.241931035419,10.062574042075456,0
370,58.024290133944724,5544.771430530567,10.564449623684192,0
371,61.883660744897504,6750.203316253522,12.051358720501467,1
372,61.29093407894326,6593.9985968792935,9.680435344146947,1
373,57.239969583421505,5049.128088682494,11.058132613803936,0
374,53.24880969285623,6421.9174957906835,7.531330012952697,0
375,61.73418045058751,4956.782827074718,9.173390380928536,0
376,58.11429103902118,5488.217750375182,10.031592184967137,0
377,51.458893046737664,6560.723799903149,8.326621779899924,0
378,58.94025514303294,7164.25034900544,7.081279184487075,1
379,62.12929092875497,6968.494467634001,8.454674726000183,1
380,54.96634660611134,5733.862693092302,13.105980410784642,0
381,55.544731512313454,6655.155275021817,9.995235090811835,0
382,53.541456207370864,5883.370451432322,14.519884504738986,0
383,54.08617663521185,6084.786595670581,10.741999096763053,0
384,55.21076122718689,6123.910695603408,10.279848603355656,0
385,64.74887023469525,6843.7177309324725,10.538195591588767,1
386,63.01812487451537,6821.154809403531,9.567143024733062,1
387,55.47440170201503,6494.017841758509,9.109714364244766,0
388,55.79869809746095,5413.61759964398,13.106786684223007,0
389,57.86396464850511,5440.106962032536,13.117348993250351,0
390,56.6074361192306,5597.955046943146,11.142446937669737,0
391,49.81779006411218,6146.5657772780005,10.6904596798712,0
392,59.193641796885956,6998.329583322833,10.245831843168592,1
393,69.75798316394912,5810.7205418287385,12.870156765051073,1
394,54.73961396323416,5887.33304722552,9.03366734625567,0
395,54.46158906410838,6069.589537588112,11.3316040675687,0
396,56.4550190918061,5863.965846605288,11.802995225230804,0
397,59.20627631703767,5327.237981821539,9.109523357301965,0
398,55.57527684462863,5927.533018338147,10.595473866206818,0
399,69.88914574106637,6632.218959540038,7.383349548834493,1
400,59.044528864316085,7145.0248417599005,11.636254061752453,1
401,54.686118573626146,5930.029925187606,8.556879179701504,0
402,54.7446709604033,6107.514299834161,8.905212131208678,0
403,55.96734818692334,5504.8345895855,9.36878185214445,0
404,56.21655470814459,5871.046331198714,8.252996950555595,0
405,47.09309117261435,6631.049334273048,9.583918572843327,0
406,55.571109550000635,6664.5071258152,8.793869615783986,1
407,55.966555555399296,6859.254582249687,9.89295099465802,1
408,60.23583296493974,5329.398014347245,6.841014341097303,0
409,49.91654735727663,7099.451260331384,9.27767779752644,0
410,59.94099091755784,5645.6552077590695,10.342121879408934,0
411,58.6155953412131,5508.31614141355,10.899235511718889,0
412,54.91770196157199,6342.057952319701,5.967601968819209,0
413,59.009367428583055,7195.320010059578,10.618540092558591,1
414,59.73796195638245,7406.907781330575,7.298134627313859,1
415,55.599655452739164,5654.891207352205,7.619642504364804,0
416,58.023186437365716,5615.3621624870075,10.451952977574793,0
417,55.88352809764784,5828.738380042623,10.002446999274431,0
418,57.76695027139019,6438.895358907416,9.787738597569758,0
419,53.30460464691967,5602.455551681644,9.212387145628275,0
420,62.734206287361886,7184.697429179969,7.366229200034618,1
421,59.192989599241656,6841.77245703418,8.666808329120645,1
422,56.42500679107784,6223.891943637784,13.566721531368099,0
423,53.40020451763721,5794.96462336758,9.727213453278381,0
424,55.445302749608096,5761.695626067087,7.101172419436713,0
425,57.27435539730218,5653.554252578957,8.712609617070191,0
426,57.4412413938586,5622.618997248135,12.507621166693708,0
427,61.657249204958305,6522.2822123380865,8.945369588151202,1
428,63.88550983670672,7229.506783411094,9.28660496180097,1
429,57.978256288338144,5168.813112036703,11.113910967726001,0
430,54.594708400820465,5463.4313941800465,11.892110006543632,0
431,59.57151357509421,5000.518961414546,10.77648539005614,0
432,48.51233844565778,6588.7720365308705,6.431423176724898,0
433,56.3446642829242,6082.616647784491,13.204422917746916,0
434,64.58471372151716,6147.45487925468,9.297568477371271,1
435,57.49224098353165,6980.326758269515,8.338526714415485,1
436,62.158919416135,5546.864413380089,9.640397947106063,0
437,53.043878299012384,6219.685073805382,5.704234654826911,0
438,52.10145214639202,6157.880421535812,9.097312014030011,0
439,50.79821071816364,6296.395054231491,12.295612670414414,0
440,54.75382476605285,6378.628084160539,11.579668103823685,0
441,58.38816368928212,6734.373719578905,9.495061575526135,1
442,64.59495051491463,6426.236079601087,10.70138724999289,1
443,57.838148502158745,5756.966365780447,9.982940764748259,0
444,59.01543607965319,5597.606354559138,9.494989248520342,0
445,60.00816126249774,5351.328847765553,9.237035501365796,0
446,50.49859751936975,6230.385747308357,11.308592334891172,0
447,53.70467217735085,6259.393078565342,8.925056732223927,0
448,61.62620200024055,7126.798887832269,12.498744388880318,1
449,62.94702380840863,6515.208467837065,13.854771019409432,1
450,52.70759067854766,6336.955772515746,7.413923771494106,0
451,53.69725573559152,6275.46778370216,8.869924173214377,0
452,55.482883693271916,5409.866271655776,10.09422008465948,0
453,54.285802012029,6048.629104558339,10.228474988096329,0
454,56.14805745588978,6128.978114116671,11.10845147460289,0
455,59.875886161392344,6755.405647646353,10.719813305263333,1
456,56.069584204357604,6510.188487710231,10.6656229120692,1
457,54.86608175240476,6304.58472998039,11.128068099887162,0
458,57.147996708090254,5567.167956870272,11.238184555649806,0
459,54.610078704837896,6113.585440762952,10.119198375977662,0
460,57.97048002765189,5223.270977161396,10.63359146512351,0
461,58.120946863843464,5323.017329842038,8.925757613088056,0
462,60.62978943501889,7043.113456518345,10.394219221217698,1
463,63.508681091030766,6463.471743106152,11.964345132111294,1
464,56.19890980836994,5868.233641089023,12.933360535429008,0
465,60.5380858559713,5486.9008040928165,11.644015464712353,0
466,56.14298552689415,6419.9803470007955,8.957005103169053,0
467,46.85277815214671,6435.474438391517,8.943845588758728,0
468,53.70451637466995,5796.760897370386,10.116204879096259,0
469,66.19480428401232,6051.225330117254,7.906251394801227,1
470,64.38634137287049,7127.336646748208,11.202137384013511,1
471,53.21954524930244,5850.911999505758,11.829518728687733,0
472,56.902719889612506,5605.615916842755,9.69726966744523,0
473,54.61075810160589,5872.121274088484,9.395550131565276,0
474,55.317788131950074,5864.95867009191,12.044245793611767,0
475,51.25669025525103,5689.622518438317,8.350674721055588,0
476,70.57148667730227,6218.775465471501,8.55824807495987,1
477,62.506910249761084,6412.504987264843,9.867007039103735,1
478,50.13379019837383,6340.714878017157,11.115155212255603,0
479,48.074063290664476,5950.922637742668,9.33241767990649,0
480,60.07210184234648,4954.797089227335,12.356464654028871,0
481,55.80263704960579,6302.753442717864,11.208192946077546,0
482,45.183391969975865,6109.799557034568,7.944780893387665,0
483,51.98621474638607,7850.6466961724,4.693165734435609,1
484,66.02539140734189,6313.580104280012,7.987581497598625,1
485,56.271708449023976,6080.504348234592,10.429594231799436,0
486,56.397896988458655,6297.517278141446,7.557175115618116,0
487,56.828934822663456,5603.651816003832,9.307436793709138,0
488,51.285338078670776,6754.179869544747,7.762985220727541,0
489,56.107124429937286,5897.552906318293,6.53973573113829,0
490,65.18610478041956,6585.526262797551,13.465306012098669,1
491,62.94095072813222,5867.692262988972,11.859154176430627,1
492,51.21952429021434,5826.131263901233,9.64476048255811,0
493,58.60494821202964,4952.315256661548,10.689080816739118,0
494,50.40957736044045,6121.863242595577,9.744867178790122,0
495,58.185291646368405,5309.673932631303,7.023577970472886,0
496,58.0755523294432,5468.639157324656,8.360178793876617,0
497,58.931618815203656,7001.031479588982,9.409303907401085,1
498,64.45131210241567,5532.949842723672,10.142119423751902,1
499,53.31323568790141,5975.479346191457,8.014597052524126,0
500,45.96542725227194,5912.76756321368,10.68999513978531,0
501,55.56987636758664,6146.615276903654,10.846967882341032,0
502,55.894069603492234,5294.622582790532,12.211728797460431,0
503,55.42558780321632,5591.02315095454,10.451034912837471,0
504,64.2579695344205,6720.3435729244575,10.895575867848216,1
505,50.36012095456398,7537.584402328705,8.99498560686621,1
506,59.348294565306496,5514.106641508881,13.845028532191941,0
507,59.748685431972916,4759.174961327157,13.667187412402342,0
508,52.92564664020194,5780.698830266738,10.4049159937345,0
509,65.17216860974183,5427.546188863771,10.53152051051607,0
510,55.741003424109635,6890.83282619941,9.500997783947565,0
511,60.66208392368609,6889.117649065959,11.807507519996017,1
512,63.797934173845626,6454.223114697068,10.423091098555588,1
513,58.98654754282725,5358.179208557318,8.986795369699406,0
514,57.557920602992176,5370.626820096891,9.077419003723618,0
515,56.43211531331022,5527.4046612714765,10.081843941139436,0
516,46.839752212383765,7115.085157513956,7.019099246967663,0
517,52.38746371612995,6457.502138141144,9.403133216031975,0
518,56.30824693400591,7244.666927895774,10.524013378892581,1
519,58.75621420673891,7105.479574976504,7.880377975099707,1
520,53.54750875435656,5700.369471785604,8.26111522010732,0
521,50.93861946334752,6114.486006543229,11.201351547712818,0
522,59.29657527739745,5830.973656776633,14.306816562045295,0
523,51.793124181301295,6554.18433568529,7.393275980175266,0
524,53.08986699408915,5699.65843302338,11.212889332105394,0
525,63.61463588833839,6602.306082504879,10.63864973694167,1
526,62.249741569207615,6851.5500020315585,10.02551442321775,1
527,54.816363913740766,6206.529870400674,10.878169776032399,0
528,50.55224067278273,6605.073095666722,7.393857386729133,0
529,55.824969465429845,6185.134886119999,8.244281231988614,0
530,53.85079266473742,5755.572132063805,7.8518336957107495,0
531,52.958534071885545,6366.6703288677945,10.873449706559947,0
532,63.79606178121474,6393.452064330847,10.035461946799618,1
533,66.70595076047603,6590.061237621784,8.793717572310037,1
534,57.861687374350744,5931.987996864263,8.973108687133703,0
535,60.73878625441162,5349.048141051199,11.875118903138183,0
536,53.35345414291095,5738.5279258609335,12.301062069586834,0
537,60.05479701726257,5168.773114655356,10.322476522297535,0
538,58.005378431133934,5685.389964830876,9.653401116099825,0
539,57.99792337362308,7234.560709506466,8.68013241180074,1
540,62.19567129599696,6735.349775661429,8.892591586626779,1
541,60.58570534452835,5283.0425389173315,9.162868472083053,0
542,55.88997297513597,5606.757274032321,11.455732614829941,0
543,55.175547218301716,6117.122305813281,9.558001401725662,0
544,51.84577800311384,5941.960422660575,6.213115291196258,0
545,54.27931063801015,5820.091462778974,9.035527736412456,0
546,63.6851338073311,6657.694024480236,11.512568659270363,1
547,63.729196634517315,7019.502785553022,7.908104205771025,1
548,58.0399494041867,5538.1134759313745,10.39039804243572,0
549,54.836219060530425,6210.235649752775,11.043775765411182,0
550,53.12856764374055,6090.993412881839,11.825087168086142,0
551,57.66286206222682,6128.345339488089,9.213930283882068,0
552,55.68602987416615,6071.154404970172,8.929675689251804,0
553,64.45551245843859,6622.135234089807,11.926012310275102,1
554,62.47297010431137,6986.146334791247,8.635813871336232,1
555,58.08073719579151,6201.770427879824,8.150712100777763,0
556,61.03328631520511,6089.123921736679,8.663572487361439,0
557,45.983716274211424,6927.281910395786,7.364983356453891,0
558,53.25073616346481,6712.377928186362,10.712956116891855,0
559,56.66445081537857,5356.245299610441,9.173957966248425,0
560,69.94799445063622,5564.393793188305,9.995305381958927,1
561,60.26834230124303,6511.273967596258,13.013483576884177,1
562,56.28944498423948,5341.854928981289,8.722832479712194,0
563,54.73259217197718,5576.3289246107115,10.34619893777919,0
564,51.48880084277183,6159.677735752931,12.182916759507377,0
565,55.02228744591585,5733.00870656167,8.896858376252712,0
566,55.301731847914354,6007.176090548537,11.394903131541296,0
567,60.57830004580488,6828.125095548468,10.77106022522914,1
568,64.8559210944025,7117.097542093184,10.882442514712434,1
569,55.29518510951385,6249.03082224555,6.859525681842413,0
570,54.98599776115186,5428.563320318429,14.284890241750903,0
571,59.93599776793664,5342.361688966134,11.324119881296438,0
572,53.944409844251346,5802.320985650456,10.290976255070102,0
573,58.50512636159864,5606.601949394964,7.971151448555807,0
574,62.97460599912986,6635.401249420088,10.983307595416218,1
575,64.17073888767837,6349.343995382162,9.709261574243849,1
576,60.17666379228807,5623.028833958226,7.313791076012612,0
577,55.99261830108766,4968.106523986363,9.131429126316995,0
578,55.74880066678798,5748.888732729633,9.187223277041351,0
579,49.97770295402502,5870.333990969853,9.90013471789037,0
580,60.0869048312235,5620.697876344351,13.120146424424266,0
581,70.25627923301383,5708.6042761390045,14.173085493992751,1
582,63.325325307063025,6430.201105270967,4.770043285905944,1
583,56.88261269631321,5265.001956817825,11.897000351222234,0
584,54.33365539934758,5475.733968667145,10.549233035751788,0
585,52.19212602269862,5534.837092772868,9.06150536962189,0
586,50.57208599694234,6515.624142413242,12.702755127095951,0
587,51.0612050078459,6273.631155359932,10.599398892086008,0
588,64.56086959853118,5736.9371824732325,13.248053361838341,1
589,60.031145501598914,7443.46713582469,10.059279110533165,1
590,59.638089733119656,4795.265015111369,9.733887308832834,0
591,59.094803641832264,6036.657641208078,11.319957199155475,0
592,60.575772011513614,5463.213599666084,10.600786682595462,0
593,47.31188240443665,6830.241736774148,10.039281090454192,0
594,52.882409413192995,5808.7758229811425,5.407507776755868,0
595,68.12200622927418,6284.686835424045,14.951176185736216,1
596,60.67322020551186,6801.07351858267,11.029507566246284,1
597,55.397209242571016,5577.12679444927,9.308772844090923,0
598,50.75255385089537,6957.24200152304,8.56587771661717,0
599,58.624483037355304,5694.669570000429,8.126694946384028,0
600,50.32762523947129,7022.697130823391,10.032955833159406,0
601,51.14961233366501,6511.148940679488,7.099819103337126,0
602,55.42670915224601,6961.2684766276225,9.303270867606406,1
603,61.27441810361276,7454.252586203132,9.238672488134052,1
604,49.86391532209078,6210.305924635159,10.679351597450514,0
605,53.78662487668658,5764.800044245775,9.987776244784026,0
606,55.55802573334307,5887.778644366118,6.4405986345203425,0
607,56.839477547825105,5341.583031284164,12.719519148181067,0
608,55.78447598170142,5948.481879517738,10.10554346077514,0
609,66.42870772797399,5972.569981353392,15.703142979209144,1
610,60.834639438360206,6322.066398126998,8.894718983923351,1
611,55.975192582360734,5693.642097174473,9.31812533080271,0
612,56.24181269735882,6069.749112275576,12.499005398021465,0
613,57.16889128456378,6055.905523156471,12.894417292538929,0
614,53.93237614832635,6189.12166483926,9.965070863641685,0
615,59.95251199242347,5682.668319927809,9.731251268977209,0
616,59.00521700093084,7553.939037765442,5.693104075645918,1
617,56.223459857752545,6625.15535163283,12.371275503340646,1
618,57.03940555101798,5931.341054977258,6.786701884887923,0
619,51.697286960107306,6750.809256822364,7.0028894126036,0
620,52.71812928166988,5954.338957655492,8.949858677357948,0
621,53.108544279560085,6220.439914421965,11.110900167968557,0
622,59.523324196145694,5142.181532015311,11.681753607585826,0
623,64.93824645610763,6645.187486392317,12.221797718947148,1
624,65.09628916006527,6854.451991261816,8.42487256268407,1
625,56.31352856938858,5942.715988241731,11.436463425078827,0
626,54.435627882564816,5390.099028410593,5.060911752382612,0
627,55.74379409871601,6028.967537874528,11.44960762604566,0
628,52.19404611575833,6277.919441570965,11.036474734016116,0
629,45.16493395897096,6824.484017208963,9.21430648456012,0
630,62.90837304976295,7340.795678268036,13.463918388914532,1
631,59.166152393475144,7114.343066814964,6.898416816495004,1
632,52.38456127368403,5867.481218929173,9.398702887249012,0
633,54.628121705641284,5512.64589973344,10.877178103763633,0
634,50.552025115988116,6007.987701227421,7.601251633578348,0
635,57.46530447936968,5602.277300467446,6.978901189136753,0
636,58.410955811420806,6212.2818281120235,10.659954568082005,0
637,65.26853744166927,6498.5711213176355,12.469755702675089,1
638,62.44673510312276,7142.70175039037,10.390461774081338,1
639,55.20864203413634,5875.939968634891,10.08233105118768,0
640,56.96710166011906,5495.471889562096,10.16655968875799,0
641,51.762736140906576,5697.5886293406875,8.255764188694389,0
642,56.37275658309737,5473.915391190305,7.929228623033754,0
643,56.56361445705107,5554.387543290845,7.690169044401854,0
644,56.19465643400248,7237.521783299398,9.982126329496658,1
645,61.54893888036308,6410.441683958482,9.896696070732586,1
646,56.58246969455993,5995.280608371252,11.217311263680767,0
647,50.82131072501909,5637.963276547975,10.256522305220646,0
648,52.70001501512474,6084.549007563936,6.222346524307001,0
649,58.94415192609219,5495.058355396223,11.186439195281928,0
650,50.12009587016539,6190.2463263536365,8.288570652447873,0
651,62.47667668901173,7212.865802746246,5.7446799063157465,1
652,59.71310013878557,6525.810865864299,12.513226528196746,1
653,55.86545407521966,5916.256845541343,10.101459135876834,0
654,57.22436853858537,5476.48337822214,11.917092447618886,0
655,54.83706264253648,5970.801145143741,9.457227978934043,0
656,49.263744591433905,5988.871155147124,12.397971721990366,0
657,49.1351812366117,6157.642776159249,11.911674992901157,0
658,59.62230942735965,7208.670885879861,7.471661266716275,1
659,65.3970266756869,6423.041495438294,11.830490406372936,1
660,56.164736712157016,5546.119050607649,11.029523896369106,0
661,47.406427627515214,6374.0469601818395,9.645914150715925,0
662,55.147923985375854,6502.202221474077,9.872920667773453,0
663,53.564901089350116,5251.661569420994,11.724517244021097,0
664,58.78883797875232,5417.185774246747,10.090009542530012,0
665,61.6384417361295,6616.554457221023,9.476451561994732,1
666,61.03798412548874,7002.866320067569,6.653574141760185,1
667,52.77619011082153,6114.976209074814,4.644168967407554,0
668,53.161586018310004,5515.391171999813,7.52178733629581,0
669,53.53793780367072,5820.8280198139055,8.369658753486265,0
670,59.643758004656036,5400.041060597723,10.079295571925927,0
671,56.98877105785843,6058.459134548766,9.178459143790619,0
672,62.878176113066544,6534.85936258366,8.554986416866665,1
673,61.755840285098614,6635.574059531293,11.518162072390865,1
674,59.28135882750036,5410.952947639896,11.737910773285193,0
675,53.57304004649193,6194.060670764058,9.432142672364504,0
676,54.78259437670931,6193.52447933848,13.865234022939333,0
677,47.476486427381346,6012.959925237441,5.819900441847182,0
678,56.336251835567424,6309.527476432186,11.964455775909563,0
679,67.08853357445685,6631.291406602008,11.049116260974365,1
680,62.479794709304166,6750.361296133269,11.643228594032337,1
681,53.740624793003896,6155.4774366788815,10.352418954791432,0
682,54.31329517404983,5740.190371021324,11.46829390164625,0
683,50.62453386981966,6033.033159561395,7.403041855149364,0
684,60.10363560683516,5373.198960280008,11.439879444169879,0
685,61.722995126307886,5522.884695972104,10.86074063156987,0
686,64.43713243886648,7203.832338021084,13.068417987999224,1
687,58.62436526822997,6327.203694498108,10.235678573503298,1
688,59.42941190096366,4515.0079926058315,14.437448040406387,0
689,56.99290848052072,5859.905882815561,10.61000893581522,0
690,53.650200521727186,5642.089156580272,10.82729610217729,0
691,52.750710662216136,5494.4686171448175,14.876180444567389,0
692,55.087830214340805,5805.228330079812,10.403977347642552,0
693,63.25325645525678,6864.565868914427,12.070546577406025,1
694,57.01054004262154,7524.831397050331,11.215749241011657,1
695,52.12534968674223,5828.540660593474,6.726602269292483,0
696,52.36463279594298,6234.699369503813,9.50121632886456,0
697,60.15007390662863,5231.806638468858,9.631356554205965,0
698,54.20291559538373,6744.4618911739135,7.36652619983368,0
699,54.90341356842452,5898.024951506674,9.588039659847626,0
700,57.757834334373904,7050.060627181238,10.474245146823028,1
701,56.819640151546,7274.347343624454,7.421694938673127,1
702,52.075070584476954,6072.46079395726,6.605041013685359,0
703,54.42140447565755,6453.061974381259,10.138716293939112,0
704,57.72848836191932,5037.187247482802,9.64365044957309,0
705,53.93719634014759,5688.375866652921,9.896667769325473,0
706,54.077092062412746,5855.0808989836705,8.053254949772603,0
707,62.18535364241917,6431.3151485807575,10.884815664826766,1
708,60.476003614812804,6096.305289690292,9.298563575757148,1
709,56.38720186314124,6330.436892797949,5.809451801402667,0
710,57.5073942407914,5175.5520299766595,13.930013620344354,0
711,51.33030256186657,6148.173727968067,4.345443068382349,0
712,47.80846874730885,6161.452987101717,11.98104694134502,0
713,60.25097959365512,5086.062692561541,11.6063192893427,0
714,65.03548408031878,6028.856443855005,11.527360415531195,1
715,58.45470280791304,6717.596400659775,9.076017616174846,1
716,54.22599366293502,5915.133945957482,10.281046577878927,0
717,53.63371266159071,5310.944000691271,7.015109175869959,0
718,50.36320967122055,6435.716863439308,10.683614123404697,0
719,51.44196602315183,6107.526550591399,12.426595394852278,0
720,58.73818824443423,5800.884359161504,9.455713986305161,0
721,62.783924988513796,6603.387583208741,11.37184356357829,1
722,60.10035419489505,6587.250557808562,8.89893089629885,1
723,51.80470420334545,6572.235860681326,11.893677420774154,0
724,54.76279059342668,5747.493237626559,11.343702350600342,0
725,51.87589083976223,6173.752976350377,11.383455104996754,0
726,59.89784160933289,5254.455372617629,12.623115907719853,0
727,47.01207114277221,6506.314007104626,8.278689185527302,0
728,63.34497886268845,6759.279438863546,11.880630671492,1
729,57.453753103945445,7509.6330229026025,8.640942917173074,1
730,51.45566921983588,5898.356099329845,7.540824447062786,0
731,53.29618159590862,6032.762414850816,9.301417709116375,0
732,51.575635183894214,6223.405568422018,7.194439636481372,0
733,56.56802200629267,5674.522034676655,9.77027547972479,0
734,57.54137388170762,5402.219993277166,9.31948894629787,0
735,61.720682118823454,7099.456830947145,8.336811267042355,1
736,63.380119482419225,7523.684444584351,7.988314907318944,1
737,58.70197544545169,5594.70823730147,11.98445208119841,0
738,58.25188758101263,6054.460139876473,10.488117749934235,0
739,57.11578789256682,5180.861780426513,10.934339114411703,0
740,52.93776239486368,6707.781347242193,9.611361439361412,0
741,54.20463964502487,5214.607898064732,10.471099068229217,0
742,58.41570070801351,7232.4965387013035,11.418755043802058,1
743,58.34586591927195,7536.001951956862,6.664955193483765,1
744,56.50565606129999,6236.3725480725725,7.539441920090047,0
745,66.6010770317325,4950.115679954346,13.814407569540535,0
746,59.425559305890296,5395.091219396212,8.866190450956664,0
747,56.343599922910016,5657.5037802110965,12.86321538440697,0
748,50.88564425420516,6189.586416763208,10.43243344812032,0
749,67.80717585456182,6367.600992731741,11.81252733727392,1
750,63.28567785701399,6918.433445335419,10.010003425065431,1
751,58.930805449536585,6244.213641662051,7.016617909631745,0
752,59.63008800699692,5974.381900669713,13.332642534130624,0
753,49.54224287572422,6637.712947147723,11.19273532414908,0
754,50.19675499761203,6156.052228722413,10.52166443237193,0
755,56.218660424739156,5210.980292277292,12.47010283753636,0
756,70.90012117063061,5639.63180126599,8.98300733956937,1
757,62.94905810839098,6602.656909906008,9.313758703640431,1
758,61.137729607046765,4929.426566171788,6.436774830156476,0
759,54.982345031423876,5519.2240714805,9.266015690579865,0
760,54.31158950816812,5649.345203715479,7.816276570442616,0
761,57.010138199750806,5372.198173263164,7.840064235948088,0
762,46.53336945309427,6240.432578348445,7.291023972247499,0
763,63.19241098330583,6526.300853233638,11.225003366529888,1
764,61.27359645282089,6346.6930407295695,12.346915255777656,1
765,52.33456150624743,6175.119577363053,8.448396354507183,0
766,53.543750572260386,6296.455612371406,4.287105371488542,0
767,58.91829106806248,5356.709734330218,15.638016821941573,0
768,52.21678463882713,6061.27021184974,9.143754409543122,0
769,55.36294581252882,5124.994536303462,14.049905812785308,0
770,61.875430567272716,6918.999605084368,9.6582318045013,1
771,67.8020755418477,6576.280500921325,10.398281091823886,1
772,59.876339357997196,5829.678676578769,12.839235933049938,0
773,51.97459233896999,5749.012955121304,11.080980978263351,0
774,55.5191947431433,5905.97320797023,11.695265513836171,0
775,52.71809082415606,6264.295696971189,11.770709061540384,0
776,55.262205145257994,6219.484209116148,8.265673963507703,0
777,55.330405763801835,7527.100085418405,4.340311966294704,1
778,68.92573427979755,5920.021976779966,10.930260188694373,1
779,45.34529633527933,6469.8764678354755,8.191511798247827,0
780,58.02855474373409,5586.8272233619455,11.265466386205011,0
781,52.45409958974201,5914.92455655729,10.745603865301085,0
782,52.91488456402016,5850.155197676645,8.977116410210446,0
783,62.4081768586003,5033.882812855023,13.440633186057685,0
784,57.41824531670041,6936.844143897926,13.883055717684172,1
785,60.9344367692944,7244.64849915291,10.363535778116358,1
786,54.14458156786165,6190.861494795433,6.669146628779106,0
787,58.93392796330712,5102.0639069160225,12.358296919593625,0
788,62.67052771587926,5465.467916293104,7.641452947937708,0
789,51.93668046915233,6297.277318067495,8.986057671601868,0
790,52.94189557461053,6480.71975108371,6.734738265037533,0
791,62.57684799950441,6853.530531383772,8.368996007842433,1
792,59.920954302828925,6496.761962611483,11.566920555003545,1
793,57.19877798908715,5726.658342622036,11.713596230377291,0
794,56.97567104404527,5907.911893294761,13.210187628521657,0
795,53.985877516576856,6167.476678468947,10.140766647834853,0
796,53.6772592328757,5968.726237507405,7.142103028739916,0
797,58.24491686758528,5744.153298409015,11.777978348980291,0
798,60.464010690882965,6193.944030049684,12.239802167743589,1
799,72.23743405423957,6356.88440253468,12.55773234555409,1
800,53.17071322584453,6141.264934912588,10.014725100108278,0
801,58.352528645943075,5957.552391658334,10.535525029801141,0
802,52.66458355684401,5695.194800237036,11.23563051104522,0
803,54.57692287660223,5172.42140347528,9.025326603247478,0
804,54.86887633526109,5604.437286992132,12.975578146547218,0
805,64.81077119274379,6724.950127276338,11.631443534854872,1
806,61.06330261991809,6733.513401949241,10.273668685916752,1
807,52.04285607373703,5796.011876804406,7.2296637129357695,0
808,52.92793272048696,5971.257409397471,12.55027958910123,0
809,56.248154396509186,5478.1125308992205,12.517607404257387,0
810,52.596927953434744,6092.8279364094815,13.123247964830545,0
811,57.03751064409247,5532.360892678678,13.455661926369025,0
812,52.907984141124125,7527.463640756126,7.881524972486461,1
813,60.730753640891336,7572.758298002439,11.027013355557047,1
814,55.29569364990142,5843.1747668474645,11.30995397893095,0
815,59.99856915884201,5040.627297953122,11.550262937158545,0
816,55.931036285967814,6557.1748384156845,10.797329778542592,0
817,51.32246172071799,6314.623334833264,7.688406864366659,0
818,49.55126444976837,6275.27425834349,7.940761344201699,0
819,56.24582945533586,6747.8589303129975,7.195263636926326,1
820,59.45883535092771,6764.480711703066,6.893620926221864,1
821,57.526975798521896,5440.989543496374,11.779676920296144,0
822,54.208793397920196,6455.263130645848,12.048670169072533,0
823,56.68079676796301,6130.7412621322865,12.495923344229116,0
824,56.034108800701695,5851.802199919236,12.102218243647942,0
825,53.4672352036442,5297.35092659869,13.09386110691794,0
826,58.96275932742617,6850.027108898319,11.124578996620523,1
827,62.23581314832625,7198.602126530929,7.2039370502030895,1
828,56.30658039527891,5838.994132957333,9.029404192655164,0
829,52.31984749475258,5477.730643222689,13.00748042750416,0
830,55.58021473202647,5908.058152306937,9.142387028687427,0
831,49.85177625441526,6418.789285322068,9.28095504966988,0
832,51.66345676932352,6663.3729750662405,9.366334353104515,0
833,63.78234104839282,6484.242608817382,13.945828923437851,1
834,60.3245174472572,7003.739129145071,7.677122999395538,1
835,58.56860818247715,5467.457905068884,14.389187576208187,0
836,64.10491998109467,4629.761859091313,8.901127428313435,0
837,56.04588437576318,5832.239067814741,9.358299840387769,0
838,49.55111129100442,6220.056897808441,9.060011295371524,0
839,57.58739898226984,6159.160134185492,9.85365321056685,0
840,63.627923307065025,7264.724468351145,7.571651155718283,1
841,58.31141737059119,7123.0443066442895,10.75403544058111,1
842,58.84371762683556,5573.713454014359,6.339452919714293,0
843,60.59042784566934,5385.187423037542,10.006771403247846,0
844,50.26769095775884,6172.7179615868445,9.415955949287953,0
845,49.45395973537295,6673.928684019472,6.000422960674191,0
846,58.60114104037891,5688.330786929288,12.675831804413939,0
847,62.169324361394565,6674.043511195973,11.628565276625938,1
848,66.13768512570212,6736.423980060323,7.528643472768433,1
849,53.62390710550449,5980.314242258306,9.179301470574565,0
850,58.46003002515948,5775.701457665254,10.11945647724736,0
851,49.9996224080942,7209.367848605474,7.841674840982426,0
852,54.16342619756129,5266.366430290799,10.844533814250271,0
853,53.48767399359207,6265.174022216378,9.453217409948975,0
854,63.697976872025485,6531.759448452285,10.424099421198044,1
855,60.923822651951895,6733.543022894517,14.08466558297079,1
856,53.836988104971844,5595.157897853128,10.335734359988386,0
857,52.50441561124658,5762.441411615521,9.333526287117929,0
858,48.758774406800086,6604.936488433163,7.5846017090135245,0
859,53.829750278698945,5882.102101410172,10.488114588005104,0
860,55.83120548150852,5854.016673264496,10.591420435580993,0
861,52.752734448325285,7876.860115199068,10.049524154235975,1
862,64.95840226720405,6236.723849874574,11.501753929109439,1
863,51.092482449812586,6358.946761069919,9.52893608826359,0
864,48.02082391927038,6553.231206314447,9.586541714859525,0
865,56.97884459114048,6379.156526428515,7.246530797173611,0
866,58.80562593110442,5757.303887925184,12.172756685691112,0
867,56.621423576377616,5677.40497681268,14.892087595067808,0
868,67.2431425889362,6438.565204923684,13.613491554269297,1
869,59.195760747262035,6953.546414406544,11.6712033638809,1
870,55.3331998731653,5535.915262925972,8.608976932769316,0
871,57.27017510567571,5922.029861573416,12.258511290167572,0
872,54.29124750477634,5809.711067382377,12.838535731014641,0
873,54.941562462206335,5629.918955361505,8.034245283964252,0
874,55.9385103733955,5998.441033275104,8.161522345433731,0
875,60.5354307497207,6214.745432946923,8.247477793133843,1
876,59.42776371430204,6773.410132891211,12.01854136672126,1
877,55.759011169122765,5485.8632020845835,10.934734221035795,0
878,58.454099744003415,5878.59747710745,11.116247710251502,0
879,54.96208057995124,5993.256475794938,10.226546401528323,0
880,47.79987541755339,5923.084195452194,14.584573299331964,0
881,64.06465440730699,5789.221987860215,13.49454905280626,0
882,66.05049436673767,6895.138138490642,8.175488207657818,1
883,59.44904952705969,6402.868675652822,11.79267057065143,1
884,58.142079562548005,5236.99533446008,9.43804479714868,0
885,57.9076715345999,5738.584282120794,10.808670299659406,0
886,50.393766956476526,6041.6657841964625,5.742457369526675,0
887,55.379090942425975,6012.886732814049,12.394003285875018,0
888,53.42968612024387,5652.422526670504,8.881719390133078,0
889,62.24888942041649,7059.104359970285,11.269337101424496,1
890,56.05014836847188,6768.786257921713,13.472604076427643,1
891,50.11538619583489,6292.827170297372,7.339505504899012,0
892,53.3749417634211,6249.40019388063,10.221124043678241,0
893,53.529960231166854,6187.316790100861,7.510420063595192,0
894,54.74751482860901,5564.5717586201135,10.090860434658019,0
895,51.715553484630924,5943.748462359055,9.913758088769715,0
896,69.09722552529479,6206.897983328778,11.546558739603917,1
897,63.30822765775775,6990.041892030032,11.826474318136873,1
898,59.18486645901814,5314.273502774234,11.398564254225612,0
899,57.37305835435523,5830.0864953051205,10.54599198770494,0
900,57.069122094210755,5403.000754180164,10.574432270966934,0
901,56.647061765735955,5619.571021034811,12.889361950582233,0
902,52.021527896794,6700.703372945676,8.149898537655739,0
903,59.997677704237844,6783.598248797679,9.10700712504201,1
904,67.64323200549995,5833.111440608043,12.402248765286295,1
905,49.29850543336341,6003.666060357868,10.24773927225746,0
906,57.251390542168856,5511.376682284334,10.570151770621035,0
907,60.22093579579295,5601.102111592682,10.945176787866005,0
908,56.529978222852755,6105.154363108485,11.42649709839782,0
909,51.16664467408296,6056.980657990534,11.147432278341277,0
910,66.05130405960665,6210.979706874,6.0337301590506565,1
911,62.785843571688474,6931.104954675211,10.045837093777704,1
912,51.4070002274543,6378.992103148549,9.972751266396582,0
913,54.61813430381818,6131.068737743296,11.447834034592107,0
914,60.60204864281225,5950.209462767427,7.664680746795721,0
915,49.747522625350605,5777.743652132988,10.361075001768555,0
916,61.70058477373332,5382.886330347737,9.64447608014565,0
917,62.096385524027006,7289.329932425368,8.42337734232572,1
918,64.9941229991954,6772.904046592203,9.223525286469592,1
919,56.707911510544776,5613.0348937705,9.706268397661598,0
920,51.04883320389718,5913.566195038862,8.717550595979862,0
921,60.26992911534188,5265.152580733612,13.009931166311162,0
922,58.689874739412936,4705.373473500681,10.742216001404566,0
923,51.57896928399208,5719.308964417036,11.110865786795133,0
924,65.88130860929678,6508.742365929224,7.965107295470769,1
925,67.22495180614985,6864.384185301412,11.205999201998752,1
926,53.24619073425504,6190.791129180028,9.66652906029659,0
927,60.87144209775515,5670.349160784103,8.847994397825216,0
928,53.110261280220804,5781.625607781962,13.601915776862064,0
929,60.59408084952687,6022.1099126714125,12.027218448969185,0
930,56.13644409213732,5500.431471942661,8.78248727153268,0
931,61.2303222988519,6441.627174225683,7.829385012900316,1
932,63.054296283517246,7294.540337217016,9.71555315069145,1
933,56.6691473657471,6274.52455991701,7.3680025787000964,0
934,51.1011855879477,6134.880080210829,4.885046971438381,0
935,53.57473634119269,6095.0784449269395,7.947889649918093,0
936,62.16639517489256,4678.700125640405,12.425889201985235,0
937,50.89752300805641,6061.8726074058495,10.202712712581118,0
938,58.47712339799529,6588.834880109786,12.794069012145794,1
939,62.80041170087847,6506.136518684245,8.915321422787287,1
940,52.52030576147122,6138.411762128501,11.428657942571371,0
941,57.14038603722037,6230.393815691813,10.983312237840535,0
942,43.1594637006702,7093.906041350201,4.602088917092032,0
943,56.01777620426925,6312.9314429270125,11.486463438368283,0
944,53.40967819535361,6073.159779731305,12.391359970846782,0
945,66.46330285073596,6464.102210948703,10.562852688865538,1
946,62.987728344371774,7232.315230736448,9.57247243382158,1
947,58.58798996965843,5411.7745408983465,12.588517183171295,0
948,56.762214237164756,6447.12988546464,10.415243278933346,0
949,55.10964689423736,5795.941539931124,9.815205736898738,0
950,52.17501452055491,5705.89402512994,10.03371244162414,0
951,56.454807633030384,5997.345872544223,9.241257152358218,0
952,63.718683956948745,6697.46864616147,9.186731287536963,1
953,56.58813053242745,8102.702200141931,10.005044959610776,1
954,56.11444359680832,5246.550855193887,6.04273808701501,0
955,61.02596197004655,5433.67217753858,10.15487385079761,0
956,53.315630617340595,6100.563175847384,8.000758859943598,0
957,58.15768849203136,4989.08035880687,13.572261159152152,0
958,57.84005542394817,5568.526888604853,9.602216694170455,0
959,64.7812442971494,5944.556190277592,9.529963719414367,1
960,63.27153706096535,7075.956954047796,10.455964111034909,1
961,57.512080604026124,6241.7808091883035,11.702179849499165,0
962,56.2462620767882,5701.59450392198,8.061109595478044,0
963,54.57766079694281,6179.440147793742,9.780145355263596,0
964,56.834856088546566,5228.95836725327,12.277694391378157,0
965,51.3224255884397,6628.223181223163,9.287122732190804,0
966,63.233742050846175,6304.720926301827,10.758920325660181,1
967,62.66379640625416,6715.607006394924,10.834354555956322,1
968,53.77822188352769,6607.935273443215,11.318365792330379,0
969,60.50205493983398,5538.30578328222,15.426579771834728,0
970,54.1774814983526,5373.004145693629,11.328770525225334,0
971,46.60650266929192,6401.606177197268,7.630716452712969,0
972,52.11467128517073,5753.3025340721915,10.282588705802677,0
973,58.97986805902364,6306.847926753329,7.813719748775739,1
974,56.03696420824708,7538.480337277744,7.504186009122057,1
975,53.65843394719734,6209.788924920787,7.030423020410344,0
976,50.648439490067794,6420.240415306859,7.027298656871263,0
977,56.01305800823248,5881.548788704704,8.123053344252357,0
978,54.388634802720446,6391.512306474658,9.235161906994302,0
979,52.53181198640832,5819.511739564942,14.182351278601097,0
980,68.22175630072007,6396.057424414068,10.717365895999697,1
981,57.22241346417939,7045.483998658759,10.608480972658874,1
982,53.00929022209675,5737.6492315313835,6.903358946069009,0
983,57.759781932775844,5710.938674849999,12.00089926397812,0
984,56.13526359091368,6120.692728449668,11.979861406627883,0
985,59.14164974779183,5408.239996969499,13.217179066254152,0
986,52.48844759877915,5657.654765450876,8.12120438112855,0
987,58.43242600943135,6986.518525585084,8.719173795666451,1
988,58.900584066247966,6644.255303749672,9.441173389812015,1
989,56.31297652111598,5800.74117385364,8.120010790123198,0
990,54.63460703893203,6021.39137563898,10.26973894102,0
991,62.63028927382844,5482.426702137617,9.599157454553257,0
992,58.20306681214672,5373.839733439828,12.102948644186409,0
993,58.0668766251748,4954.616999640421,8.743130896263521,0
994,60.1858005648278,6788.170549236807,7.078950913127516,1
995,63.14340166837297,6541.938522415695,11.189527692423768,1
996,54.17307389973344,6009.4035592895725,8.391663165525445,0
997,56.75557717634209,5019.374886856111,8.050639947279542,0
998,51.87149704639948,6595.863249606645,6.338842567057483,0
999,53.56688086428399,5972.502443967521,9.807646414760757,0
